E2100752,MFS02 - MF 확장 마운터기,2022-01-01,86.37268829,99.33333588,95.52777863,74.83333588,93.8611145,83.77777863,82.94444275,99.97222137,83.07870388,88.54166698
E2100752,MFS02 - MF 확장 마운터기,2022-01-02,89.34027863,98.30555725,91.58333588,97.3611145,89.97222137,99.97222137,98.69444275,87.6111145,88.37037023,90.11458325
E2100752,MFS02 - MF 확장 마운터기,2022-01-03,80.37731171,99.97222137,99.1388855,95.1388855,99.19444275,45.66666794,71.97222137,99.97222137,72.8819445,83.85590315
E2100752,MFS02 - MF 확장 마운터기,2022-01-04,86.52893829,91.8611145,50.05555725,99.97222137,72.19444275,95.91666412,94.25,95.80555725,90.5416654,78.99132073
E2100752,MFS02 - MF 확장 마운터기,2022-01-05,72.06829071,70.80555725,80.58333588,75.16666412,56,86.27777863,93.8888855,91.6111145,73.83796279,81.75347185
E2100752,MFS02 - MF 확장 마운터기,2022-01-06,83.10301208,92.91666412,68.16666412,95.75,79.08333588,85.27777863,81.3611145,98.77777863,84.34027863,82.42881989
E2100752,MFS02 - MF 확장 마운터기,2022-01-07,82.96643829,98.1388855,76.08333588,86.52777863,76.8888855,82.91666412,93.22222137,96.30555725,83.02083325,81.2361114
E2100752,MFS02 - MF 확장 마운터기,2022-01-08,85.87036896,87.1111145,77.05555725,89.5,99.94444275,93.30555725,87.8888855,99.94444275,94.13194402,88.34201384
E2100752,MFS02 - MF 확장 마운터기,2022-01-09,84.54051208,91.77777863,89.3888855,95.02777863,66.72222137,81.80555725,88.3888855,98.19444275,80.31249976,87.21180439
E2100752,MFS02 - MF 확장 마운터기,2022-01-10,88.2361145,99.97222137,93.47222137,84.58333588,96.27777863,99.97222137,99.8611145,83.19444275,93.0625,88.53298593
E2100752,MFS02 - MF 확장 마운터기,2022-01-11,83.71527863,82.44444275,95.97222137,92.16666412,99.97222137,77.91666412,99.97222137,99.97222137,79.2430555,89.61284685
E2100752,MFS02 - MF 확장 마운터기,2022-01-12,85.26041412,88.25,99.97222137,72.97222137,73.52777863,94.83333588,90.55555725,99.97222137,81.7407403,92.20138931
E2100752,MFS02 - MF 확장 마운터기,2022-01-13,88.11573792,66,99.97222137,99.97222137,99.97222137,83.8888855,92.77777863,97.69444275,86.85879548,89.6631937
E2100752,MFS02 - MF 확장 마운터기,2022-01-14,36.37963104,99.97222137,84.44444275,77.08333588,0,0,0,0,14.07870364,0
E2100752,MFS02 - MF 확장 마운터기,2022-01-15,26.02777863,0,0,0,0,94,32.22222137,67.8888855,34.38657347,68.01909661
E2100752,MFS02 - MF 확장 마운터기,2022-01-16,84.28472137,99.97222137,93.58333588,80.19444275,65.47222137,98.75,88.19444275,77.83333588,84.31018543,82.28298569
E2100752,MFS02 - MF 확장 마운터기,2022-01-17,81.5138855,97.33333588,67.8888855,15.69444466,98.72222137,83.72222137,98.19444275,98.72222137,82.24768464,85.70138836
E2100752,MFS02 - MF 확장 마운터기,2022-01-18,89.23958588,98.27777863,97.69444275,99.97222137,99.94444275,95.3611145,93.30555725,79.77777863,93.2129631,85.00000048
E2100752,MFS02 - MF 확장 마운터기,2022-01-19,76.29745483,99.94444275,98.97222137,73.6388855,70.33333588,99.97222137,88.19444275,87.30555725,69.12268496,68.24305534
E2100752,MFS02 - MF 확장 마운터기,2022-01-20,70.87731171,85.16666412,0,63.5,92.27777863,87.58333588,51.94444275,87.05555725,78.68749968,83.12500024
E2100752,MFS02 - MF 확장 마운터기,2022-01-21,83.68286896,90.77777863,94.47222137,73.27777863,86.25,86.97222137,85.27777863,99.97222137,75.70601877,55.83506979
E2100752,MFS02 - MF 확장 마운터기,2022-01-22,52.14699173,94.22222137,0,92.41666412,79.8888855,82.33333588,95.22222137,63.44444275,68.35879644,66.45833264
E2100752,MFS02 - MF 확장 마운터기,2022-01-23,73.52661896,58.38888931,3.944444418,72.3611145,83.3611145,85.33333588,79.94444275,60.94444275,83.0162042,73.15972185
E2100753,MFS03 - MF 확장 마운터기,2022-01-01,76.375,90.1111145,78.52777863,85.72222137,84.1388855,93.75,87.1388855,96.52777863,71.21990744,79.43576431
E2100753,MFS03 - MF 확장 마운터기,2022-01-02,75.63541412,90.16666412,63.30555725,71.66666412,80.1111145,72.27777863,85.58333588,91.47222137,72.05787023,79.01736176
E2100753,MFS03 - MF 확장 마운터기,2022-01-03,82.83448792,79.02777863,85.66666412,95.05555725,96.44444275,53.86111069,96.91666412,92.77777863,84.79166635,82.31249881
E2100753,MFS03 - MF 확장 마운터기,2022-01-04,71.36920929,88.94444275,82.1388855,83.97222137,86.47222137,95.3611145,67.72222137,82.25,71.8125,72.38020897
E2100753,MFS03 - MF 확장 마운터기,2022-01-05,70.00579071,68.02777863,65.58333588,89.27777863,79.41666412,74.55555725,75.8611145,72.77777863,70.92592589,67.69791698
E2100753,MFS03 - MF 확장 마운터기,2022-01-06,74.77661896,75.5,79.19444275,80.44444275,91.3888855,85.08333588,96.6111145,77.72222137,75.9976848,77.19791698
E2100753,MFS03 - MF 확장 마운터기,2022-01-07,75.52198792,91.91666412,82.72222137,61,67.75,75.52777863,91.83333588,67.8611145,70.93518511,80.51388955
E2100753,MFS03 - MF 확장 마운터기,2022-01-08,82.37963104,86.41666412,59.72222137,87.22222137,99.1388855,78.58333588,93.91666412,91.25,84.53472265,80.39583325
E2100753,MFS03 - MF 확장 마운터기,2022-01-09,81.18634033,81.44444275,71.33333588,95.08333588,90.80555725,92.6111145,88.1111145,87.47222137,83.41898251,82.30208445
E2100753,MFS03 - MF 확장 마운터기,2022-01-10,78.89583588,89.55555725,75.55555725,86.30555725,86.16666412,80.1111145,63.5,96.22222137,80.68055534,83.48611093
E2100753,MFS03 - MF 확장 마운터기,2022-01-11,84.37615967,96.5,75.80555725,96.05555725,79.41666412,91.8888855,89.83333588,96.6111145,82.4606483,87.67708373
E2100753,MFS03 - MF 확장 마운터기,2022-01-12,72.8888855,89.1111145,92.25,90.05555725,40.02777863,44,93.27777863,83.91666412,63.69444466,78.64409685
E2100753,MFS03 - MF 확장 마운터기,2022-01-13,46.89814758,81.30555725,75.02777863,89.19444275,99.97222137,0,0,0,42.85416667,6.774305582
E2100753,MFS03 - MF 확장 마운터기,2022-01-14,28.00694466,0,57.08333206,93.58333588,0,0,38.11111069,95,20.10185178,74.85416639
E2100753,MFS03 - MF 확장 마운터기,2022-01-15,67.27314758,69.47222137,43.11111069,80.75,80.97222137,76.47222137,45.55555725,95.75,67.55555511,71.13715339
E2100753,MFS03 - MF 확장 마운터기,2022-01-16,86.43402863,92.6111145,82.19444275,72.72222137,85.27777863,99.52777863,99.97222137,88.3611145,90.76388931,82.4947927
E2100753,MFS03 - MF 확장 마운터기,2022-01-17,80.16319275,84.58333588,56.41666794,47.88888931,95.08333588,99,98.80555725,99.25,76.13888963,85.68402731
E2100753,MFS03 - MF 확장 마운터기,2022-01-18,82.95833588,98.1388855,92.08333588,96.72222137,86.55555725,95.05555725,93.83333588,99.44444275,88.52083365,78.58159649
E2100753,MFS03 - MF 확장 마운터기,2022-01-19,79.29976654,94.02777863,74.3888855,91.16666412,89.6111145,97.80555725,71.02777863,77.16666412,84.71990776,58.32638836
E2100753,MFS03 - MF 확장 마운터기,2022-01-20,70.84606171,85.41666412,0,64.30555725,70.1388855,83.97222137,96.30555725,76.75,79.83333238,91.84895897
E2100753,MFS03 - MF 확장 마운터기,2022-01-21,87.49536896,95.33333588,94.19444275,96.58333588,81.66666412,99.97222137,86.1111145,99.97222137,81.74305582,76.3732636
E2100753,MFS03 - MF 확장 마운터기,2022-01-22,57.21411896,64.41666412,0,79.44444275,82.08333588,99.97222137,98.94444275,88.3611145,45.5000003,74.82118118
E2100753,MFS03 - MF 확장 마운터기,2022-01-23,80.01967621,79.02777863,63.16666794,83.6111145,86.66666412,99.97222137,84.1388855,99.97222137,91.28935146,87.32986093
E2100754,MFS04 - MF 확장 마운터기,2022-01-01,81.61342621,84.77777863,95.3611145,92.47222137,82.94444275,97.02777863,82.58333588,97.66666412,80.5601848,86.57118082
E2100754,MFS04 - MF 확장 마운터기,2022-01-02,87.94676208,84.83333588,93.52777863,87.02777863,91.94444275,87.58333588,95.33333588,94.66666412,86.54166635,85.46874952
E2100754,MFS04 - MF 확장 마운터기,2022-01-03,89.42823792,81.02777863,77.52777863,99.25,98.19444275,99.97222137,91.6388855,99.05555725,93.93749936,85.24131906
E2100754,MFS04 - MF 확장 마운터기,2022-01-04,84.03125,97.22222137,99.97222137,97.66666412,88.3611145,99.5,84.33333588,98.08333588,87.5416673,85.66493177
E2100754,MFS04 - MF 확장 마운터기,2022-01-05,84.15277863,88.97222137,98.5,88.8611145,84.16666412,84.27777863,90.33333588,91.1388855,84.27083333,81.54687548
E2100754,MFS04 - MF 확장 마운터기,2022-01-06,89.71990967,96.69444275,94.58333588,90.83333588,99.08333588,89.44444275,99.5,94.08333588,89.83796374,85.72743177
E2100754,MFS04 - MF 확장 마운터기,2022-01-07,83.78704071,83.44444275,75.3611145,92.1111145,65.58333588,94.77777863,80.8611145,89.72222137,85.25,86.85590279
E2100754,MFS04 - MF 확장 마운터기,2022-01-08,83.11226654,76.6111145,99.1388855,80.16666412,93.25,85.77777863,95.19444275,71.97222137,83.30092525,82.0850687
E2100754,MFS04 - MF 확장 마운터기,2022-01-09,83.64583588,87.33333588,90.27777863,87.80555725,99.97222137,68.1388855,94.47222137,96.1111145,81.89120483,86.1649313
E2100754,MFS04 - MF 확장 마운터기,2022-01-10,82.73726654,75.75,76.8611145,83.94444275,73.66666412,89.97222137,59.27777863,93.19444275,85.27314695,82.65104175
E2100754,MFS04 - MF 확장 마운터기,2022-01-11,79.49768829,79.69444275,94.8611145,96.19444275,95.6111145,75.16666412,93.19444275,79.58333588,73.25462953,90.17013836
E2100754,MFS04 - MF 확장 마운터기,2022-01-12,86.03819275,92.47222137,99.19444275,97.97222137,92.55555725,9.555555344,96.94444275,99.97222137,81.71064742,91.05381966
E2100754,MFS04 - MF 확장 마운터기,2022-01-13,81.17151642,96.58333588,89.8888855,96.55555725,66.94444275,95.30555725,96.7217865,96.33333588,70.65046334,91.53640294
E2100754,MFS04 - MF 확장 마운터기,2022-01-14,61.84490585,94.22222137,99.97222137,92.02777863,83.5,0,17.30555534,98.75,38.92824014,81.90624952
E2100754,MFS04 - MF 확장 마운터기,2022-01-15,76.47222137,94.02777863,84.1388855,92.91666412,96.8888855,97.8611145,27.66666603,46.25,81.43286904,58.61284709
E2100754,MFS04 - MF 확장 마운터기,2022-01-16,84.72106171,34.44444275,99.97222137,80.6111145,98.52777863,99.97222137,93.33333588,90.44444275,89.61574109,78.56597221
E2100754,MFS04 - MF 확장 마운터기,2022-01-17,79.29166412,99.97222137,62.86111069,6.611111164,99.97222137,97.66666412,96.1111145,99.97222137,84.57407447,86.34722221
E2100754,MFS04 - MF 확장 마운터기,2022-01-18,84.05902863,95.94444275,72.05555725,92.08333588,85.6388855,83.8611145,95.72222137,99.97222137,84.71527863,83.47048688
E2100754,MFS04 - MF 확장 마운터기,2022-01-19,75.65625,92.08333588,54.77777863,82.77777863,79.16666412,89.05555725,93.41666412,94.6388855,74.65277735,69.13368002
E2100754,MFS04 - MF 확장 마운터기,2022-01-20,70.32407379,92.30555725,0,89.58333588,94,99.69444275,81.19444275,78.97222137,78.50925938,80.20312476
E2100754,MFS04 - MF 확장 마운터기,2022-01-21,80.48379517,83.08333588,78.55555725,79.33333588,94.52777863,93.75,95.55555725,88.8888855,77.22916762,70.63541651
E2100754,MFS04 - MF 확장 마운터기,2022-01-22,48.3125,90.27777863,0,99.97222137,47.55555725,52.08333206,86.33333588,88.16666412,37.0925924,72.61979175
E2100754,MFS04 - MF 확장 마운터기,2022-01-23,75.61805725,75.83333588,61.77777863,96.52777863,75.6388855,95.94444275,80.08333588,59.52777863,87.19907379,71.66492987
E2100755,MFS05 - MF 확장 마운터기,2022-01-01,86.05670929,93,80.3611145,99.69444275,93.30555725,99.97222137,79.83333588,97.75,86.23842557,87.27604246
E2100755,MFS05 - MF 확장 마운터기,2022-01-02,84.64583588,85.58333588,78.58333588,91.47222137,95.25,83.05555725,84.05555725,87.6388855,83.98842621,81.58333373
E2100755,MFS05 - MF 확장 마운터기,2022-01-03,82.01620483,86.33333588,91.72222137,79.91666412,86.47222137,64.8611145,87.41666412,97.58333588,83.47916667,81.6545136
E2100755,MFS05 - MF 확장 마운터기,2022-01-04,83.61920929,94.91666412,58.88888931,89.6111145,69.25,97.3888855,75.5,91.69444275,85.88194466,81.75694442
E2100755,MFS05 - MF 확장 마운터기,2022-01-05,79.8125,95.30555725,64.30555725,86.83333588,94.8888855,90.52777863,90.16666412,73.25,79.67129676,63.06944442
E2100755,MFS05 - MF 확장 마운터기,2022-01-06,73.81365967,68.55555725,51.11111069,96.41666412,93.19444275,81.30555725,94.47222137,93.27777863,87.2268521,80.03819442
E2100755,MFS05 - MF 확장 마운터기,2022-01-07,79.4829483,97.19444275,82.22222137,80.94444275,85.80555725,99.97222137,86.16666412,86.44444275,76.06184387,83.19444346
E2100755,MFS05 - MF 확장 마운터기,2022-01-08,84.79976654,97.27777863,81,88.75,98.41666412,95.3611145,99.44444275,89.72222137,86.63426018,84.81597197
E2100755,MFS05 - MF 확장 마운터기,2022-01-09,83.07176208,94.77777863,74.05555725,82.55555725,94.55555725,86.08333588,99.97222137,99.97222137,80.5949084,89.35937452
E2100755,MFS05 - MF 확장 마운터기,2022-01-10,80.12036896,72.19444275,77.58333588,99.97222137,82.8888855,96.22222137,67.77777863,68.75,86.60648092,69.47743058
E2100755,MFS05 - MF 확장 마운터기,2022-01-11,80.13079071,74.8888855,87.72222137,94.16666412,94.6388855,87.30555725,95.3611145,90.02777863,77.67129707,88.96354222
E2100755,MFS05 - MF 확장 마운터기,2022-01-12,83.96527863,92.44444275,93.27777863,89.8888855,80.8888855,90.05555725,82.97222137,95.97222137,82.11573982,83.04687428
E2100755,MFS05 - MF 확장 마운터기,2022-01-13,81.69676208,66.97222137,89.52777863,97.27777863,96.66666412,88.25,94.47222137,86.83333588,80.82870356,80.88888907
E2100755,MFS05 - MF 확장 마운터기,2022-01-14,52.78472137,85.80555725,92.08333588,89.58333588,89,0,11.83333302,99.97222137,29.27777771,74.63888836
E2100755,MFS05 - MF 확장 마운터기,2022-01-15,75.45948792,88.8888855,61.66666794,96.69444275,82.3611145,99.97222137,62.41666794,60.25,85.67361132,62.16493034
E2100755,MFS05 - MF 확장 마운터기,2022-01-16,78.62268829,69.6388855,46.94444275,72.8611145,99.97222137,79.6111145,99.5,78.1111145,79.69907411,76.88888991
E2100755,MFS05 - MF 확장 마운터기,2022-01-17,75.87615967,68.52777863,33.77777863,21.52777863,96.83333588,89.22222137,85.47222137,88.05555725,79.62036991,85.38541698
E2100755,MFS05 - MF 확장 마운터기,2022-01-18,84.93634033,85.69444275,87.30555725,99.44444275,95.1111145,99.97222137,75.27777863,77.55555725,91.52777799,56.47395903
E2100755,MFS05 - MF 확장 마운터기,2022-01-19,54.42939758,77.91666412,36.05555725,45.19444275,73.5,42.13888931,47.52777863,91.44444275,58.68055503,58.14583284
E2100755,MFS05 - MF 확장 마운터기,2022-01-20,72.15972137,93.8611145,0,96.22222137,92.58333588,96.3888855,85.19444275,96.25,78.2546285,90.12326384
E2100755,MFS05 - MF 확장 마운터기,2022-01-21,79.60069275,92.22222137,98.6111145,84.6111145,83.19444275,85.02777863,50.11111069,72.6111145,77.59953737,62.56249964
E2100755,MFS05 - MF 확장 마운터기,2022-01-22,46.14814758,77.72222137,0,74.66666412,58.77777863,30.44444466,80.3611145,53.75,33.42361108,68.57291818
E2100755,MFS05 - MF 확장 마운터기,2022-01-23,70.49073792,55.88888931,57.36111069,74.52777863,62.88888931,88.47222137,71.55555725,62.58333206,72.88657379,63.57465267
E2100756,MFS06 - MF 확장 마운터기,2022-01-01,85.01273346,92.77777863,93.94444275,91.1111145,99.47222137,97.30555725,97.8611145,89.3888855,84.74537023,86.52256966
E2100756,MFS06 - MF 확장 마운터기,2022-01-02,85.36342621,76.94444275,98.41666412,93.30555725,92.8611145,67.44444275,99.05555725,86.02777863,82.72916762,82.01215386
E2100756,MFS06 - MF 확장 마운터기,2022-01-03,83.1736145,89.30555725,48.22222137,94.77777863,92.66666412,85.6111145,93.77777863,97.58333588,86.85879707,80.80902839
E2100756,MFS06 - MF 확장 마운터기,2022-01-04,84.88541412,99.75,58,94.80555725,81.05555725,95.80555725,76.33333588,87.22222137,91.78935305,79.9392364
E2100756,MFS06 - MF 확장 마운터기,2022-01-05,74.14351654,63.33333206,95.41666412,89.52777863,97.33333588,60.55555725,83.77777863,92.05555725,75.33101861,73.60937516
E2100756,MFS06 - MF 확장 마운터기,2022-01-06,77.05439758,85.19444275,89.72222137,85.1388855,94.75,76.05555725,94.80555725,80.94444275,82.19444402,76.74999976
E2100756,MFS06 - MF 확장 마운터기,2022-01-07,74.95833588,86.94444275,69.47222137,88.91666412,92.47222137,47.80555725,87.27777863,88.69444275,72.3495369,83.18402624
E2100756,MFS06 - MF 확장 마운터기,2022-01-08,74.76620483,85.16666412,79.6388855,83.05555725,91.58333588,88.83333588,87.16666412,73.66666412,69.82870468,77.38888836
E2100756,MFS06 - MF 확장 마운터기,2022-01-09,75.07060242,90.72222137,73.22222137,74.25,54.83333206,91.97222137,99.69444275,94.75,68.18518448,85.78298622
E2100756,MFS06 - MF 확장 마운터기,2022-01-10,76.48032379,74.75,87.25,85.6111145,76.52777863,81.97222137,73.33333588,76.94444275,75.58333397,82.75173545
E2100756,MFS06 - MF 확장 마운터기,2022-01-11,78.02893829,93.83333588,66.55555725,95.72222137,83.83333588,84.97222137,91.1111145,97.69444275,69.44444513,89.16145921
E2100756,MFS06 - MF 확장 마운터기,2022-01-12,78.70254517,87.58333588,92.52777863,97.08333588,61.41666794,57.19444275,69.83333588,86.1388855,73.75231544,80.62673569
E2100756,MFS06 - MF 확장 마운터기,2022-01-13,85.42592621,96.8888855,71.77777863,97.47222137,99.97222137,93.19444275,96.1388855,89.69444275,86.51157347,79.42708302
E2100756,MFS06 - MF 확장 마운터기,2022-01-14,53.99652863,90.22222137,53.88888931,71.69444275,68.27777863,0,19.08333397,98.55555725,38.21759261,75.55902791
E2100756,MFS06 - MF 확장 마운터기,2022-01-15,75.46180725,91.25,96.72222137,81.19444275,95.3611145,86.05555725,92.1111145,87.77777863,75.03703801,73.68229318
E2100756,MFS06 - MF 확장 마운터기,2022-01-16,69.36805725,76.33333588,69.47222137,95.3888855,73.97222137,46.83333206,58.80555725,82.8611145,68.44212902,59.96180701
E2100756,MFS06 - MF 확장 마운터기,2022-01-17,65.43518829,51.77777863,18.25,5.416666508,94.66666412,75.02777863,86.83333588,85.6111145,72.46990669,80.89757073
E2100756,MFS06 - MF 확장 마운터기,2022-01-18,82.04166412,95.30555725,95.27777863,87.55555725,81.58333588,70.22222137,95.66666412,82.8611145,84.07407443,79.69618011
E2100756,MFS06 - MF 확장 마운터기,2022-01-19,72.53588104,84.72222137,82.16666412,77.6111145,79.1388855,75.5,94.66666412,86.3611145,68.25231457,64.80555511
E2100756,MFS06 - MF 확장 마운터기,2022-01-20,55.67245483,79.1388855,0,57.08333206,51.52777863,79.22222137,54.47222137,42.94444275,57.48842557,66.41840243
E2100756,MFS06 - MF 확장 마운터기,2022-01-21,80.57291412,59.72222137,96.52777863,90.1111145,80.25,81.97222137,84.6388855,88.77777863,82.62268448,71.0017364
E2100756,MFS06 - MF 확장 마운터기,2022-01-22,54.14699173,81.58333588,0,95.19444275,77.55555725,68.3611145,87.8611145,67.91666412,42.57175954,76.71701384
E2100756,MFS06 - MF 확장 마운터기,2022-01-23,74.86920929,57.77777863,56.22222137,92.3611145,83.66666412,93.02777863,39.19444275,38.97222137,89.21990776,60.59201384
E2100757,MFS07 - MF 확장 마운터기,2022-01-01,76.59490967,89.05555725,74.77777863,70.22222137,84.83333588,87.83333588,83.91666412,88.8611145,77.07175986,80.28298616
E2100757,MFS07 - MF 확장 마운터기,2022-01-02,80.99884033,93.08333588,90.05555725,95.58333588,90,70.16666412,91.1111145,81.75,80.60416635,72.91319442
E2100757,MFS07 - MF 확장 마운터기,2022-01-03,79.10648346,80.91666412,83.02777863,88.05555725,90.3611145,45.88888931,85.91666412,86.80555725,84.11111164,76.62847233
E2100757,MFS07 - MF 확장 마운터기,2022-01-04,75.7951355,91.05555725,58.05555725,85.02777863,65.22222137,94.8611145,72.5,82.97222137,75.78935226,73.32291722
E2100757,MFS07 - MF 확장 마운터기,2022-01-05,70.81597137,76.27777863,92.1111145,77.3888855,50.61111069,91.6111145,81.8888855,85.16666412,69.11805455,72.4045136
E2100757,MFS07 - MF 확장 마운터기,2022-01-06,74.74768829,72.1388855,66.6111145,91.02777863,86.52777863,77.77777863,75.77777863,80.69444275,75.07638868,76.8211807
E2100757,MFS07 - MF 확장 마운터기,2022-01-07,78.1111145,88.97222137,78.75,90.47222137,52.58333206,81.19444275,73.25,88.91666412,79.77546279,75.71006799
E2100757,MFS07 - MF 확장 마운터기,2022-01-08,74.08680725,92.66666412,52.58333206,94.08333588,70.16666412,59.52777863,65.8611145,85.55555725,74.40046215,74.02083445
E2100757,MFS07 - MF 확장 마운터기,2022-01-09,72.28472137,66,80.33333588,71.75,78.27777863,76.83333588,88.66666412,87.1111145,69.04166675,77.29513815
E2100757,MFS07 - MF 확장 마운터기,2022-01-10,76.24420929,84.66666412,64.27777863,42.47222137,68.16666412,82.41666412,97.47222137,89.41666412,76.76851781,77.76909673
E2100757,MFS07 - MF 확장 마운터기,2022-01-11,69.61458588,86.97222137,49.5,70.6388855,68.58333588,87.22222137,86.41666412,82.5,64.76157459,85.65451288
E2100757,MFS07 - MF 확장 마운터기,2022-01-12,72.50115967,99.97222137,95.44444275,75.05555725,57.22222137,56.47222137,72.6388855,84.3888855,63.03472249,77.59895849
E2100757,MFS07 - MF 확장 마운터기,2022-01-13,71.2951355,68.8611145,85.19444275,88.41666412,33.08333206,71.30555725,65.19444275,99.97222137,64.64583238,76.50694418
E2100757,MFS07 - MF 확장 마운터기,2022-01-14,52.09143448,85.66666412,45.83333206,65.6111145,17.27777863,17.05555534,13.80555534,85.77777863,37.24305576,53.08159721
E2100757,MFS07 - MF 확장 마운터기,2022-01-15,55.28935242,78.25,54.22222137,85.77777863,83,77.66666412,25.5,75.30555725,62.52777767,55.44097304
E2100757,MFS07 - MF 확장 마운터기,2022-01-16,63.83333206,58.11111069,55.27777863,66.08333588,66.75,67.69444275,76,62.58333206,67.91666667,57.13541627
E2100757,MFS07 - MF 확장 마운터기,2022-01-17,55.96759415,73.52777863,41.97222137,14.69444466,93.02777863,40.75,73.1388855,57.36111069,61.29629612,51.44965243
E2100757,MFS07 - MF 확장 마운터기,2022-01-18,61.82638931,61.30555725,49.33333206,69.1111145,73.97222137,63.88888931,78.58333588,97.47222137,66.65509319,72.71527767
E2100757,MFS07 - MF 확장 마운터기,2022-01-19,79.44444275,87.91666412,72.83333588,91.75,89.69444275,86.08333588,88.05555725,80.6388855,85.69444434,62.92534637
E2100757,MFS07 - MF 확장 마운터기,2022-01-20,61.24884415,87.22222137,0,40.13888931,73.94444275,98.3888855,67.08333588,66.75,69.28472241,76.48958302
E2100757,MFS07 - MF 확장 마운터기,2022-01-21,80.03935242,76.1388855,87.72222137,89.80555725,82.05555725,71.30555725,87.3888855,76.41666412,76.47453721,59.25520825
E2100757,MFS07 - MF 확장 마운터기,2022-01-22,59.43518448,72.08333588,0,86.1388855,81.08333588,55.33333206,81.52777863,76.44444275,67.68981425,67.90451294
E2100757,MFS07 - MF 확장 마운터기,2022-01-23,67.62036896,88.16666412,15,58.58333206,43.05555725,87.91666412,95.55555725,69.6388855,73.48611069,75.85590196
E2100758,MFS08 - MF 확장 마운터기,2022-01-01,79.11573792,96.55555725,94.58333588,85.41666412,90.80555725,85.30555725,70.47222137,86.58333588,80.0879631,76.70138931
E2100758,MFS08 - MF 확장 마운터기,2022-01-02,75.49884033,77.8611145,62.13888931,79.5,86.22222137,60.97222137,76.72222137,96.30555725,72.15277767,77.68402839
E2100758,MFS08 - MF 확장 마운터기,2022-01-03,80.37847137,88.16666412,58.36111069,92,95.66666412,73.75,66.30555725,99.97222137,86.11573982,80.06944448
E2100758,MFS08 - MF 확장 마운터기,2022-01-04,78.27198792,89.58333588,36.5,81.5,93.02777863,88.08333588,73.6388855,89.22222137,79.18287086,79.58680487
E2100758,MFS08 - MF 확장 마운터기,2022-01-05,68.68634033,94.52777863,80.27777863,77.25,71.27777863,90.3611145,54.63888931,78.08333588,65.27314806,71.31423616
E2100758,MFS08 - MF 확장 마운터기,2022-01-06,83.84722137,99.3611145,99.97222137,86.8888855,86.83333588,60.75,98.16666412,78,78.87731489,87.18923545
E2100758,MFS08 - MF 확장 마운터기,2022-01-07,76.44791412,79.55555725,99.05555725,64.1111145,69.08333588,80.66666412,82.1388855,88.72222137,68.45370388,79.80555594
E2100758,MFS08 - MF 확장 마운터기,2022-01-08,77.11920929,64.83333588,73.3611145,82.19444275,92.25,86.69444275,75.97222137,86.1388855,76.41898092,81.91145825
E2100758,MFS08 - MF 확장 마운터기,2022-01-09,84.16435242,61.16666794,96.1111145,90.19444275,96.55555725,83.1111145,98.8611145,91.80555725,83.07407443,90.00520849
E2100758,MFS08 - MF 확장 마운터기,2022-01-10,84.30902863,92.6388855,89.77777863,75.66666412,86.72222137,83.75,87.94444275,85.52777863,81.9212958,82.98090291
E2100758,MFS08 - MF 확장 마운터기,2022-01-11,81.68055725,89.1111145,46.38888931,99.97222137,93.77777863,99.97222137,90.27777863,98.44444275,78.4050924,87.08680487
E2100758,MFS08 - MF 확장 마운터기,2022-01-12,78.07407379,97.72222137,86.6388855,97.05555725,67.66666412,55.91666794,75.77777863,84.97222137,75.42361132,80.08507013
E2100758,MFS08 - MF 확장 마운터기,2022-01-13,79.5451355,67.83333588,84.77777863,98.30555725,91.08333588,89.97222137,74.05555725,92.44444275,79.3055555,77.59895802
E2100758,MFS08 - MF 확장 마운터기,2022-01-14,58.50810242,94.44444275,73.3888855,60.63888931,64.19444275,0,9.666666985,77.6388855,45.98379628,56.71701384
E2100758,MFS08 - MF 확장 마운터기,2022-01-15,59.7754631,86.41666412,71.1388855,41.5,78.77777863,83.72222137,67.77777863,74.44444275,65.54398092,52.32118011
E2100758,MFS08 - MF 확장 마운터기,2022-01-16,58.96643448,73.6111145,37.11111069,80.25,46.72222137,66.8888855,59.33333206,52.77777863,67.95138868,60.42361069
E2100758,MFS08 - MF 확장 마운터기,2022-01-17,69.45254517,58.47222137,80.02777863,12.63888931,95.94444275,63.63888931,93.02777863,81.33333588,70.24999936,75.23784769
E2100758,MFS08 - MF 확장 마운터기,2022-01-18,79.82870483,93.1111145,61.83333206,98.6111145,87.97222137,80.75,82.1111145,88.75,84.46296342,76.84375
E2100758,MFS08 - MF 확장 마운터기,2022-01-19,64.41088104,78.8888855,70.33333588,63.94444275,74.80555725,39.5,81.6111145,71.5,61.04398155,60.55902874
E2100758,MFS08 - MF 확장 마운터기,2022-01-20,60.10879517,55.41666794,0,34.33333206,63.61111069,56.61111069,87.44444275,97.55555725,55.44675954,90.99479246
E2100758,MFS08 - MF 확장 마운터기,2022-01-21,85.58564758,92.77777863,99,85.83333588,84.6388855,99.97222137,79.33333588,93.5,80.74305598,53.46180594
E2100758,MFS08 - MF 확장 마운터기,2022-01-22,39.7754631,99.97222137,0,99.97222137,82.8611145,30.02777863,89.16666412,73.16666412,37.70833333,72.85937405
E2100758,MFS08 - MF 확장 마운터기,2022-01-23,72.85069275,88.30555725,48.19444275,64.91666412,88.3888855,96.33333588,80.97222137,71.6388855,78.99305534,81.34548569
E2101493,MFS09 - MF 확장 마운터기,2022-01-01,85.21990967,86.66666412,97.47222137,95.47222137,83.83333588,94.47222137,77.72222137,99.25,84.68055471,86.35069418
E2101493,MFS09 - MF 확장 마운터기,2022-01-02,85.76851654,87.55555725,80.44444275,85.5,80.19444275,90.19444275,90.72222137,97.6111145,82.27083397,83.13194454
E2101493,MFS09 - MF 확장 마운터기,2022-01-03,82.06134033,99.97222137,81.91666412,94.41666412,93,72.22222137,84.44444275,89.69444275,85.21296167,80.2725693
E2101493,MFS09 - MF 확장 마운터기,2022-01-04,66.16204071,58.66666794,97.1111145,90.55555725,86.22222137,51.25,25.05555534,45.5,66.82175922,56.65972233
E2101493,MFS09 - MF 확장 마운터기,2022-01-05,65.00579071,57.33333206,79.5,62.61111069,85.83333588,61.80555725,75.66666412,82.1388855,63.38194466,73.18402731
E2101493,MFS09 - MF 확장 마운터기,2022-01-06,71.99768829,90.77777863,87.91666412,66.91666412,25.52777863,69.58333588,86.1388855,87.47222137,69.42592589,78.94444299
E2101493,MFS09 - MF 확장 마운터기,2022-01-07,76.64004517,67.97222137,80.22222137,59.47222137,72.52777863,80.94444275,80.97222137,66.1111145,78.52546247,79.71354222
E2101493,MFS09 - MF 확장 마운터기,2022-01-08,89.88541412,71.33333588,88.55555725,82.44444275,96.6388855,94.3611145,98.08333588,97.75,93.30555534,92.42708349
E2101493,MFS09 - MF 확장 마운터기,2022-01-09,86.09027863,93.16666412,98.27777863,96.69444275,66.44444275,91.3888855,99.97222137,91.44444275,81.92361101,67.84201354
E2101493,MFS09 - MF 확장 마운터기,2022-01-10,13.04629612,98.91666412,0,0,0,0,0,0,0,0
E2101493,MFS09 - MF 확장 마운터기,2022-01-11,0.002314815,0,0,0,0,0,0,0,0.00462963,19.296875
E2101493,MFS09 - MF 확장 마운터기,2022-01-12,34.46990585,0,98.30555725,68.44444275,83.3888855,0,0,0,43.18981377,0
E2101493,MFS09 - MF 확장 마운터기,2022-01-13,15.35416698,0,0,0,0,40.88888931,88.3888855,57.61111069,11.56712977,55.15451333
E2101493,MFS09 - MF 확장 마운터기,2022-01-14,65.54976654,47.41666794,53.75,72.80555725,83.77777863,50.25,95.8611145,63.94444275,72.03935186,79.31597281
E2101493,MFS09 - MF 확장 마운터기,2022-01-15,86.02314758,76.5,97.44444275,83.08333588,93.41666412,91.3611145,83.52777863,87.58333588,85.39351972,82.72743034
E2101493,MFS09 - MF 확장 마운터기,2022-01-16,82.35185242,80.47222137,62.47222137,72.1111145,82.72222137,86.66666412,90.83333588,91.1111145,82.36574046,78.44965267
E2101493,MFS09 - MF 확장 마운터기,2022-01-17,72.63657379,74.8888855,58.75,67.27777863,85.91666412,83.94444275,87.22222137,46.33333206,75.76157379,67.2795136
E2101493,MFS09 - MF 확장 마운터기,2022-01-18,75.5486145,73.5,82.5,71.8888855,83.80555725,90.05555725,80.30555725,80.83333588,78.63888899,73.4548614
E2101493,MFS09 - MF 확장 마운터기,2022-01-19,71.01620483,86.91666412,82,77.33333588,82.91666412,60.19444275,81.97222137,63.77777863,74.32870261,71.03472233
E2101493,MFS09 - MF 확장 마운터기,2022-01-20,74.98726654,73.41666412,83.3888855,86.97222137,76.80555725,81.66666412,87.94444275,85,74.48842494,84.01215267
E2101493,MFS09 - MF 확장 마운터기,2022-01-21,82.24652863,90.33333588,96.5,80.80555725,93.58333588,85.91666412,86.72222137,88.41666412,80.23611005,76.53819394
E2101493,MFS09 - MF 확장 마운터기,2022-01-22,67.99189758,93.3888855,61.36111069,72.5,70.8611145,67.8611145,75.8888855,85.05555725,66.03472281,77.08854055
E2101493,MFS09 - MF 확장 마운터기,2022-01-23,78.97106171,77.52777863,36.80555725,79.91666412,75.80555725,92.1388855,93.22222137,72.77777863,83.98148155,77.48958302
E2101494,MFS10 - MF 확장 마운터기,2022-01-01,79.80902863,69.6111145,75.58333588,99.66666412,96.5,84.25,40.33333206,84.05555725,80.85879676,72.14756918
E2101494,MFS10 - MF 확장 마운터기,2022-01-02,82.37963104,99.6388855,78.25,76.94444275,93.30555725,86.27777863,90.05555725,87.97222137,84.03703785,72.28993034
E2101494,MFS10 - MF 확장 마운터기,2022-01-03,77.41435242,45.47222137,97.16666412,91,99.25,89.44444275,69.16666412,93.94444275,87.34490712,79.11805487
E2101494,MFS10 - MF 확장 마운터기,2022-01-04,75.88773346,92.02777863,92.08333588,87.08333588,71.3611145,83.44444275,33.19444275,73.05555725,75.96296358,46.42534694
E2101494,MFS10 - MF 확장 마운터기,2022-01-05,44.62731552,25.58333397,52.88888931,35.08333206,66.72222137,46.36111069,67.75,75.80555725,46.69212961,68.46180511
E2101494,MFS10 - MF 확장 마운터기,2022-01-06,61.47222137,67.33333588,74.94444275,43.19444275,61.47222137,58.30555725,46.69444275,58.11111069,60.35648219,66.25868058
E2101494,MFS10 - MF 확장 마운터기,2022-01-07,70.58911896,70.52777863,96.33333588,77.47222137,67.8611145,68.27777863,82.8888855,76.3611145,67.22453721,76.73958349
E2101494,MFS10 - MF 확장 마운터기,2022-01-08,31.45948982,46.19444275,95,91.94444275,0,0,0,0,13.11342557,0
E2101494,MFS10 - MF 확장 마운터기,2022-01-09,3.876157522,0,0,0,0,0,7.222222328,14.86111069,1.381944418,32.55034709
E2101494,MFS10 - MF 확장 마운터기,2022-01-10,32.23147964,50.02777863,51.91666794,23.58333397,0,6.777777672,21.75,42.58333206,19.53703723,36.50868016
E2101494,MFS10 - MF 확장 마운터기,2022-01-11,27.98958397,25.22222137,29.27777863,33.36111069,13.22222233,28.05555534,58.88888931,71.1388855,13.31481473,73.05729115
E2101494,MFS10 - MF 확장 마운터기,2022-01-12,44.20833206,72.52777863,78.02777863,55.47222137,0,0,99.97222137,66.6111145,8.708333214,79.66666698
E2101494,MFS10 - MF 확장 마운터기,2022-01-13,57.9629631,74.80555725,93.02777863,70.1111145,85.6388855,9.555555344,13.94444466,38,56.30787014,36.70312484
E2101494,MFS10 - MF 확장 마운터기,2022-01-14,67.82407379,52.36111069,67.41666412,76.72222137,92.33333588,78.08333588,70.52777863,87.19444275,77.11805598,81.08506966
E2101494,MFS10 - MF 확장 마운터기,2022-01-15,81.1423645,82.47222137,87.77777863,95.6388855,86.91666412,84.3888855,87.94444275,84.27777863,79.70370261,61.23611128
E2101494,MFS10 - MF 확장 마운터기,2022-01-16,55.45833206,88.80555725,25.80555534,52.33333206,51.94444275,51.86111069,22.58333397,60,58.23842621,60.14583409
E2101494,MFS10 - MF 확장 마운터기,2022-01-17,66.08101654,81.58333588,34.13888931,50.69444275,72.66666412,80.1388855,78.69444275,63.16666794,70.38425859,70.0000003
E2101494,MFS10 - MF 확장 마운터기,2022-01-18,74.76851654,74.33333588,64,77.55555725,82.94444275,88.05555725,43.88888931,99.97222137,72.29861037,81.55555558
E2101494,MFS10 - MF 확장 마운터기,2022-01-19,75.33911896,91.02777863,96.1111145,79.6388855,94.3888855,57.83333206,71.8888855,63.08333206,78.97222201,63.39756918
E2101494,MFS10 - MF 확장 마운터기,2022-01-20,76.37268829,72.55555725,91.91666412,86.80555725,96.80555725,92.55555725,90.16666412,93.3888855,73.22222279,85.95312476
E2101494,MFS10 - MF 확장 마운터기,2022-01-21,78.84259033,77.80555725,92.1388855,81.8611145,99.27777863,73.75,82.97222137,82.8888855,74.86574109,82.26041722
E2101494,MFS10 - MF 확장 마운터기,2022-01-22,77.12731171,80.55555725,92.33333588,80.75,91.91666412,66.30555725,87.8611145,91.1388855,72.15972122,87.80555534
E2101494,MFS10 - MF 확장 마운터기,2022-01-23,88.71875,85.05555725,76.94444275,83.3888855,88.3611145,89.6111145,79,87.72222137,89.59259351,77.07465196
E2101495,MFS11 - MF 확장 마운터기,2022-01-01,73.58564758,83.1111145,81.5,92.55555725,86.8888855,72.08333588,77.22222137,96.16666412,70.05324078,77.75694466
E2101495,MFS11 - MF 확장 마운터기,2022-01-02,75.98726654,90.80555725,97.33333588,79.72222137,88.97222137,53.91666794,82.33333588,97.30555725,74.4768521,73.05729198
E2101495,MFS11 - MF 확장 마운터기,2022-01-03,73.74768829,89.72222137,86.80555725,92.41666412,86.41666412,40.83333206,50.77777863,90.27777863,76.76157347,67.86284757
E2101495,MFS11 - MF 확장 마운터기,2022-01-04,64.18402863,77.58333588,37.88888931,67.77777863,99.97222137,82.66666412,7.972222328,59.25,68.65509256,49.09201396
E2101495,MFS11 - MF 확장 마운터기,2022-01-05,62.35416794,67.80555725,45,65.02777863,79.22222137,88.25,85.8888855,90.72222137,60.19675859,81.38541579
E2101495,MFS11 - MF 확장 마운터기,2022-01-06,79.48842621,82.25,95.55555725,48.25,84.83333588,46,78.91666412,94.5,79.49074141,82.27256989
E2101495,MFS11 - MF 확장 마운터기,2022-01-07,77.06713104,99.97222137,86.33333588,85.19444275,78.1111145,52.22222137,87.91666412,66.6111145,72.09027783,79.45659697
E2101495,MFS11 - MF 확장 마운터기,2022-01-08,85.6875,91.58333588,94.8888855,84.3611145,94.5,91,94.02777863,99.1388855,86.89583333,89.16666687
E2101495,MFS11 - MF 확장 마운터기,2022-01-09,60.83333206,74.94444275,96.19444275,80.55555725,90.72222137,0,60.97222137,90.16666412,40.72916659,72.32118034
E2101495,MFS11 - MF 확장 마운터기,2022-01-10,42.71990585,92.47222137,54.27777863,19.13888931,20.27777863,1.805555582,44.11111069,49.55555725,20.10648185,58.08680511
E2101495,MFS11 - MF 확장 마운터기,2022-01-11,55.48727036,41.22222137,57.02777863,39.30555725,81,0,66.83333588,69.27777863,52.46527823,76.34027791
E2101495,MFS11 - MF 확장 마운터기,2022-01-12,86.36805725,91.75,91.1111145,58.38888931,99.97222137,99.97222137,97.5,67.80555725,88.14120324,71.87499964
E2101495,MFS11 - MF 확장 마운터기,2022-01-13,60.60995483,47.41666794,76.94444275,63.08333206,67.8888855,78.94444275,63.25,26.30555534,62.82175847,55.14236069
E2101495,MFS11 - MF 확장 마운터기,2022-01-14,45.0254631,70.66666412,32.52777863,72.77777863,3.138888836,67.97222137,57.41666794,48.77777863,38.07175891,52.47916698
E2101495,MFS11 - MF 확장 마운터기,2022-01-15,60.49652863,62.13888931,39.83333206,75.1111145,17.11111069,91.1111145,72.19444275,78.5,57.46064815,57.90277743
E2101495,MFS11 - MF 확장 마운터기,2022-01-16,71.81829071,91.72222137,27.36111069,64.05555725,81.75,89.72222137,99.27777863,83.5,82.55787023,75.47742963
E2101495,MFS11 - MF 확장 마운터기,2022-01-17,67.37384033,75.1388855,52.69444275,33.75,96.19444275,75.19444275,82.66666412,56.27777863,70.18981409,65.23437476
E2101495,MFS11 - MF 확장 마운터기,2022-01-18,66.87036896,58.38888931,84.8611145,93.80555725,64,99.97222137,51.61111069,57.05555725,69.28472137,66.88368082
E2101495,MFS11 - MF 확장 마운터기,2022-01-19,64.60532379,65.30555725,77.30555725,69.25,95.44444275,64,87.1111145,77.16666412,64.67823998,64.95486176
E2101495,MFS11 - MF 확장 마운터기,2022-01-20,75.76620483,57.16666794,85.33333588,75.5,72.30555725,93.97222137,92.44444275,79.8611145,79.99074141,84.05034685
E2101495,MFS11 - MF 확장 마운터기,2022-01-21,69.82523346,85.97222137,82.19444275,71.30555725,53.58333206,34.16666794,88.1111145,76.02777863,55.8379631,75.89756942
E2101495,MFS11 - MF 확장 마운터기,2022-01-22,87.14698792,66.80555725,78.66666412,57,99.97222137,99.97222137,99.97222137,99.97222137,96.39120293,99.97222137
E2101495,MFS11 - MF 확장 마운터기,2022-01-23,92.96759033,99.97222137,99.97222137,75.77777863,78.27777863,99.97222137,89.3888855,86.3611145,88.92129707,89.30034685
E2101496,MFS12 - MF 확장 마운터기,2022-01-01,74.95254517,93.1388855,85.94444275,85.3611145,94.97222137,67.27777863,54.80555725,87.33333588,68.88657411,76.55902815
E2101496,MFS12 - MF 확장 마운터기,2022-01-02,68.52198792,81.97222137,77.08333588,82.58333588,73.33333588,58.41666794,65.55555725,68.33333588,68.32175986,51.77777827
E2101496,MFS12 - MF 확장 마운터기,2022-01-03,56.68981552,58.41666794,42.52777863,71.41666412,72.8888855,44.80555725,29.77777863,89,61.83796215,51.0434034
E2101496,MFS12 - MF 확장 마운터기,2022-01-04,34.17361069,67.27777863,21.58333397,46.16666794,58.52777863,39.13888931,5.5,11.22222233,35.58564814,14.09027765
E2101496,MFS12 - MF 확장 마운터기,2022-01-05,17.52314758,35.13888931,0,32.22222137,0,38.91666794,28.75,44.05555725,13.36111124,38.89236157
E2101496,MFS12 - MF 확장 마운터기,2022-01-06,55.05786896,59.52777863,65.80555725,84.69444275,47.72222137,12.33333302,91.05555725,82.3611145,56.65740768,80.10590315
E2101496,MFS12 - MF 확장 마운터기,2022-01-07,73.51620483,98.3611145,64.08333588,86.94444275,52.11111069,17.30555534,75.30555725,57.75,69.10648108,72.28993022
E2101496,MFS12 - MF 확장 마운터기,2022-01-08,80.34259033,79.27777863,91.47222137,92.6388855,81.08333588,87.83333588,87.5,99.80555725,78.51388868,89.80382013
E2101496,MFS12 - MF 확장 마운터기,2022-01-09,57.23147964,91.27777863,85.5,80.02777863,81.80555725,0,23.69444466,80.05555725,34.70601904,58.28124988
E2101496,MFS12 - MF 확장 마운터기,2022-01-10,49.48263931,63.55555725,66.8888855,56.05555725,36.36111069,49.44444275,46.33333206,64.80555725,44.74305542,65.55902767
E2101496,MFS12 - MF 확장 마운터기,2022-01-11,60.41319275,99.97222137,73.83333588,59.91666794,39.66666794,44.69444275,68.1111145,72.19444275,48.34027763,69.65798575
E2101496,MFS12 - MF 확장 마운터기,2022-01-12,40.88772964,68.02777863,81.83333588,64.72222137,0,0,68.6388855,92.97222137,11.31018511,73.16840243
E2101496,MFS12 - MF 확장 마운터기,2022-01-13,53.8807869,85.02777863,56.69444275,54.66666794,0.5,66.66666412,80.27777863,29.88888931,39.97685146,53.20138955
E2101496,MFS12 - MF 확장 마운터기,2022-01-14,43.69560242,62.91666794,49.27777863,40.72222137,25.27777863,34.38888931,67.94444275,33.61111069,42.00462969,52.24305522
E2101496,MFS12 - MF 확장 마운터기,2022-01-15,24.59143448,40.11111069,65.08333588,84.05555725,0,0,0,0,12.15740766,0
E2101496,MFS12 - MF 확장 마운터기,2022-01-16,0,0,0,0,0,0,0,0,0,0
E2101496,MFS12 - MF 확장 마운터기,2022-01-17,25.71759224,0,0,0,75.91666412,38.91666794,70.3888855,88,37.01157395,59.52430534
E2101496,MFS12 - MF 확장 마운터기,2022-01-18,79.00463104,87.91666412,74.3611145,71.77777863,91.25,99.97222137,67.75,83.25,79.09953658,79.61458313
E2101496,MFS12 - MF 확장 마운터기,2022-01-19,60.4745369,82.80555725,89.3888855,76.66666412,0,86.1388855,71.77777863,92.80555725,44.50694366,81.94270968
E2101496,MFS12 - MF 확장 마운터기,2022-01-20,85.06713104,64,96.30555725,91.77777863,84.16666412,92.08333588,96,84.33333588,83.87499936,90.38020754
E2101496,MFS12 - MF 확장 마운터기,2022-01-21,86.78935242,88.8888855,90.1388855,97.75,66.16666412,72.72222137,85,99.97222137,84.97222169,85.59548575
E2101496,MFS12 - MF 확장 마운터기,2022-01-22,86.79051208,81.97222137,88.66666412,83.72222137,99.97222137,99.97222137,95.3888855,92.72222137,87.27314758,87.1388886
E2101496,MFS12 - MF 확장 마운터기,2022-01-23,86.73148346,90.1388855,39.08333206,94.3611145,95.30555725,88.02777863,87.58333588,84.1388855,90.92592684,84.72916746
E2101497,MFS13 - MF 확장 마운터기,2022-01-01,81.59606171,88.27777863,84.3888855,86.94444275,89.19444275,53.05555725,79,98.8611145,77.75,88.21527815
E2101497,MFS13 - MF 확장 마운터기,2022-01-02,84.47338104,78.55555725,85.1388855,71.3888855,88.97222137,83.25,81.27777863,91.6111145,81.42361069,80.39409888
E2101497,MFS13 - MF 확장 마운터기,2022-01-03,79.22106171,81.77777863,90.3611145,99.83333588,93.16666412,66.94444275,93.55555725,75.5,84.60879548,74.69270802
E2101497,MFS13 - MF 확장 마운터기,2022-01-04,62.34259415,68.25,60.86111069,87.97222137,88.6388855,74.58333588,1.666666627,54.94444275,74.98842579,30.73090257
E2101497,MFS13 - MF 확장 마운터기,2022-01-05,39.90509415,62.44444275,51.25,64.1388855,77.3888855,11.91666698,54.58333206,72.27777863,34.31018454,66.58159685
E2101497,MFS13 - MF 확장 마운터기,2022-01-06,80.97454071,97.66666412,78.47222137,71.22222137,59.88888931,55.38888931,77.83333588,68.33333588,79.44675827,80.27083397
E2101497,MFS13 - MF 확장 마운터기,2022-01-07,83.23032379,99.55555725,79.66666412,92.02777863,89.55555725,73.47222137,80.3888855,91.02777863,83.27777767,83.32812428
E2101497,MFS13 - MF 확장 마운터기,2022-01-08,83.9201355,99.97222137,82.1111145,89.75,85.83333588,71.83333588,96.5,90.05555725,83.31249968,75.8749994
E2101497,MFS13 - MF 확장 마운터기,2022-01-09,32.65856552,87.44444275,0,0,0,0,21.47222137,97.8611145,2.217592575,77.98958397
E2101497,MFS13 - MF 확장 마운터기,2022-01-10,69.22801208,75.33333588,87.25,31.97222137,0,84.80555725,96.55555725,70.5,55.64814711,82.30381942
E2101497,MFS13 - MF 확장 마운터기,2022-01-11,64.50926208,77.1388855,57.83333206,61.52777863,61.16666794,82.22222137,84.6111145,96.69444275,47.28935184,81.24479187
E2101497,MFS13 - MF 확장 마운터기,2022-01-12,37.67939758,95.72222137,68.8611145,82.80555725,0,0,61.63888931,46.55555725,9.148148298,58.75694442
E2101497,MFS13 - MF 확장 마운터기,2022-01-13,66.7361145,48.83333206,96.27777863,79.27777863,99.6111145,33.91666794,99.8888855,70.80555725,64.44907443,66.20659733
E2101497,MFS13 - MF 확장 마운터기,2022-01-14,54.52661896,94.22222137,36.69444275,58.88888931,0,61.63888931,73.6388855,97.19444275,47.8287034,78.06249952
E2101497,MFS13 - MF 확장 마운터기,2022-01-15,80.88310242,96.91666412,90.6388855,93.8611145,82.52777863,49.75,99.97222137,76.19444275,74.21990744,81.04687476
E2101497,MFS13 - MF 확장 마운터기,2022-01-16,83.81713104,72.05555725,66.41666412,85.05555725,91.69444275,95.22222137,95,84.16666412,88.44213041,86.30555582
E2101497,MFS13 - MF 확장 마운터기,2022-01-17,80.9861145,95.80555725,99.80555725,66.1111145,88.25,73.6111145,96.91666412,72.75,79.32870324,71.3802079
E2101497,MFS13 - MF 확장 마운터기,2022-01-18,73.34722137,69.5,89.58333588,61.97222137,81.91666412,95.19444275,91.6388855,67.1111145,72.6712958,73.52777812
E2101497,MFS13 - MF 확장 마운터기,2022-01-19,65.75579071,75.66666412,64.69444275,75.91666412,83.94444275,40.94444275,88.52777863,67.55555725,68.51851781,61.52083355
E2101497,MFS13 - MF 확장 마운터기,2022-01-20,74.13079071,75.77777863,77.80555725,90.1111145,79.52777863,82.6388855,95.69444275,87.1111145,83.00000064,86.4305563
E2101497,MFS13 - MF 확장 마운터기,2022-01-21,84.34954071,80.66666412,89.8888855,93.6111145,78.94444275,89.30555725,96.8611145,88.77777863,81.7754631,86.01215386
E2101497,MFS13 - MF 확장 마운터기,2022-01-22,70.43055725,83.94444275,82.16666412,84.30555725,53.22222137,52.13888931,88.55555725,78.55555725,61.64120372,81.59895825
E2101497,MFS13 - MF 확장 마운터기,2022-01-23,83.40740967,74.3888855,33.63888931,93.19444275,84.19444275,87.22222137,84.8611145,71.3888855,83.95833333,76.33854175
E2101498,MFS14 - MF 확장 마운터기,2022-01-01,88.21643829,94.69444275,99.97222137,85.3888855,77.58333588,98.8888855,76.8611145,95.5,84.38888868,86.19965267
E2101498,MFS14 - MF 확장 마운터기,2022-01-02,86.06134033,93.75,89.02777863,88.25,95.16666412,94.69444275,77.58333588,91.91666412,87.71296374,80.34895825
E2101498,MFS14 - MF 확장 마운터기,2022-01-03,85.47454071,94.5,58.77777863,89.1388855,96.19444275,70.83333588,93.8611145,95.77777863,89.38194466,83.24826485
E2101498,MFS14 - MF 확장 마운터기,2022-01-04,79.58101654,72.8611145,71.1388855,90.19444275,64.52777863,93.05555725,81.41666412,82.72222137,84.24537023,70.87847281
E2101498,MFS14 - MF 확장 마운터기,2022-01-05,72.95833588,74.1111145,72.30555725,47.11111069,87,83.77777863,80.27777863,76.55555725,75.08101845,84.85590339
E2101498,MFS14 - MF 확장 마운터기,2022-01-06,85.2951355,98.91666412,92.58333588,70.77777863,78.66666412,35.66666794,94.1388855,71.94444275,84.14120324,84.96527791
E2101498,MFS14 - MF 확장 마운터기,2022-01-07,83.10879517,92.27777863,55.47222137,79.69444275,99.97222137,98.02777863,90.80555725,75.8888855,81.6226848,86.18229222
E2101498,MFS14 - MF 확장 마운터기,2022-01-08,87.56829071,95.77777863,88.25,89.47222137,97.83333588,99.97222137,95.44444275,96.44444275,87.12963041,92.74652696
E2101498,MFS14 - MF 확장 마운터기,2022-01-09,85.18170929,93.33333588,88.72222137,89.02777863,94.08333588,84.72222137,72.58333588,96.41666412,84.73148219,75.17534685
E2101498,MFS14 - MF 확장 마운터기,2022-01-10,22.89698982,95.1111145,0,0,0,0,0,0,0,0
E2101498,MFS14 - MF 확장 마운터기,2022-01-11,3.67592597,0,0,0,33.55555725,0,0,0,7.349537104,13.921875
E2101498,MFS14 - MF 확장 마운터기,2022-01-12,48.71064758,0,81.22222137,80.3888855,88.75,0,68.94444275,83.58333588,53.69444402,77.76215243
E2101498,MFS14 - MF 확장 마운터기,2022-01-13,79.8263855,94.44444275,86.05555725,76.08333588,63.05555725,90.25,47.16666794,69.27777863,80.44907411,64.93055654
E2101498,MFS14 - MF 확장 마운터기,2022-01-14,53.54282379,83.8611145,46.30555725,71.83333588,0,58.88888931,62.22222137,81.69444275,50.78009319,71.75694418
E2101498,MFS14 - MF 확장 마운터기,2022-01-15,78.5173645,97.97222137,79.80555725,79.27777863,45.97222137,77.97222137,92.41666412,88.1111145,74.90509288,89.18749952
E2101498,MFS14 - MF 확장 마운터기,2022-01-16,92.10416412,94.41666412,84.22222137,97.69444275,92.5,87.5,96.66666412,98.72222137,93.9791673,69.66840261
E2101498,MFS14 - MF 확장 마운터기,2022-01-17,53.02893448,94.1111145,5.027777672,0,37.11111069,78.77777863,72.3888855,89.83333588,45.26620354,72.85937464
E2101498,MFS14 - MF 확장 마운터기,2022-01-18,80.0451355,76.33333588,81.44444275,86.44444275,85.6388855,98.75,50.19444275,68.83333588,88.66898155,79.90451407
E2101498,MFS14 - MF 확장 마운터기,2022-01-19,85.33101654,88.1388855,93.91666412,86.30555725,85.8611145,97.72222137,84.83333588,88.3611145,85.64351908,88.81944466
E2101498,MFS14 - MF 확장 마운터기,2022-01-20,83.83911896,99.97222137,91.08333588,99.02777863,72.33333588,89.05555725,80.05555725,88.19444275,79.01851908,87.84548664
E2101498,MFS14 - MF 확장 마운터기,2022-01-21,87.84259033,81.69444275,93.72222137,97.8611145,85.22222137,84.1388855,95.5,99.52777863,85.625,82.11979156
E2101498,MFS14 - MF 확장 마운터기,2022-01-22,77.71295929,90.3888855,79.16666412,84.44444275,88.27777863,95.1388855,98.52777863,98.6388855,76.69212914,93.95486069
E2101498,MFS14 - MF 확장 마운터기,2022-01-23,92.7361145,85.58333588,93.72222137,84.66666412,92.66666412,94.02777863,93.30555725,82.58333588,93.12731425,86.44097328
E2101498,MFS14 - MF 확장 마운터기,2022-01-12,48.71064758,0,81.22222137,80.3888855,88.75,0,68.94444275,83.58333588,53.69444402,77.76215243
E2101498,MFS14 - MF 확장 마운터기,2022-01-13,79.8263855,94.44444275,86.05555725,76.08333588,63.05555725,90.25,47.16666794,69.27777863,80.44907411,64.93055654
E2101498,MFS14 - MF 확장 마운터기,2022-01-14,53.54282379,83.8611145,46.30555725,71.83333588,0,58.88888931,62.22222137,81.69444275,50.78009319,71.75694418
E2101498,MFS14 - MF 확장 마운터기,2022-01-15,78.5173645,97.97222137,79.80555725,79.27777863,45.97222137,77.97222137,92.41666412,88.1111145,74.90509288,89.18749952
E2101498,MFS14 - MF 확장 마운터기,2022-01-16,92.10416412,94.41666412,84.22222137,97.69444275,92.5,87.5,96.66666412,98.72222137,93.9791673,69.66840261
E2101498,MFS14 - MF 확장 마운터기,2022-01-17,53.02893448,94.1111145,5.027777672,0,37.11111069,78.77777863,72.3888855,89.83333588,45.26620354,72.85937464
E2101498,MFS14 - MF 확장 마운터기,2022-01-18,80.0451355,76.33333588,81.44444275,86.44444275,85.6388855,98.75,50.19444275,68.83333588,88.66898155,79.90451407
E2101498,MFS14 - MF 확장 마운터기,2022-01-19,85.33101654,88.1388855,93.91666412,86.30555725,85.8611145,97.72222137,84.83333588,88.3611145,85.64351908,88.81944466
E2101498,MFS14 - MF 확장 마운터기,2022-01-20,83.83911896,99.97222137,91.08333588,99.02777863,72.33333588,89.05555725,80.05555725,88.19444275,79.01851908,87.84548664
E2101498,MFS14 - MF 확장 마운터기,2022-01-21,87.84259033,81.69444275,93.72222137,97.8611145,85.22222137,84.1388855,95.5,99.52777863,85.625,82.11979156
E2101498,MFS14 - MF 확장 마운터기,2022-01-22,77.71295929,90.3888855,79.16666412,84.44444275,88.27777863,95.1388855,98.52777863,98.6388855,76.69212914,93.95486069
E2101498,MFS14 - MF 확장 마운터기,2022-01-23,92.7361145,85.58333588,93.72222137,84.66666412,92.66666412,94.02777863,93.30555725,82.58333588,93.12731425,86.44097328
